ticker,name,category,exposure,structure
SPY,美國 S&P 500,基準,美國大型股,股票
VTI,美國全市場,各國股市,美國大中小型股全市場,股票
EWJ,日本,各國股市,日本 MSCI 股票市場,股票
EWT,台灣,各國股市,台灣 MSCI 股票市場,股票
EWY,韓國,各國股市,韓國 MSCI 股票市場,股票
MCHI,中國,各國股市,中國 MSCI 股票市場,股票
EWH,香港,各國股市,香港 MSCI 股票市場,股票
INDA,印度,各國股市,印度 MSCI 股票市場,股票
EWS,新加坡,各國股市,新加坡 MSCI 股票市場,股票
EWM,馬來西亞,各國股市,馬來西亞 MSCI 股票市場,股票
EIDO,印尼,各國股市,印尼 MSCI 股票市場,股票
THD,泰國,各國股市,泰國 MSCI 股票市場,股票
EPHE,菲律賓,各國股市,菲律賓 MSCI 股票市場,股票
VNM,越南,各國股市,越南股票市場代理,股票
EWA,澳洲,各國股市,澳洲 MSCI 股票市場,股票
ENZL,紐西蘭,各國股市,紐西蘭 MSCI 股票市場,股票
EWC,加拿大,各國股市,加拿大 MSCI 股票市場,股票
EWW,墨西哥,各國股市,墨西哥 MSCI 股票市場,股票
EWZ,巴西,各國股市,巴西 MSCI 股票市場,股票
ECH,智利,各國股市,智利 MSCI 股票市場,股票
EPU,秘魯,各國股市,秘魯 MSCI 股票市場,股票
ARGT,阿根廷,各國股市,阿根廷股票曝險代理（含境外掛牌企業）,股票
EWU,英國,各國股市,英國 MSCI 股票市場,股票
EWG,德國,各國股市,德國 MSCI 股票市場,股票
EWQ,法國,各國股市,法國 MSCI 股票市場,股票
EWI,義大利,各國股市,義大利 MSCI 股票市場,股票
EWP,西班牙,各國股市,西班牙 MSCI 股票市場,股票
EWN,荷蘭,各國股市,荷蘭 MSCI 股票市場,股票
EWL,瑞士,各國股市,瑞士 MSCI 股票市場,股票
EWD,瑞典,各國股市,瑞典 MSCI 股票市場,股票
EDEN,丹麥,各國股市,丹麥 MSCI 股票市場,股票
EFNL,芬蘭,各國股市,芬蘭 MSCI 股票市場,股票
ENOR,挪威,各國股市,挪威 MSCI 股票市場,股票
EWO,奧地利,各國股市,奧地利 MSCI 股票市場,股票
EWK,比利時,各國股市,比利時 MSCI 股票市場,股票
EPOL,波蘭,各國股市,波蘭 MSCI 股票市場,股票
GREK,希臘,各國股市,希臘股票市場代理,股票
TUR,土耳其,各國股市,土耳其 MSCI 股票市場,股票
EIS,以色列,各國股市,以色列 MSCI 股票市場,股票
EZA,南非,各國股市,南非 MSCI 股票市場,股票
KSA,沙烏地阿拉伯,各國股市,沙烏地阿拉伯 MSCI 股票市場,股票
UAE,阿拉伯聯合大公國,各國股市,阿聯 MSCI 股票市場,股票
QAT,卡達,各國股市,卡達 MSCI 股票市場,股票
EFA,已開發市場（美加以外）,區域股市,歐洲澳洲遠東大型及中型股,股票
EEM,新興市場,區域股市,全球新興市場,股票
VGK,歐洲,區域股市,歐洲已開發市場,股票
VPL,亞太已開發市場,區域股市,亞太已開發市場,股票
ILF,拉丁美洲,區域股市,拉丁美洲大型股,股票
ACWI,全球股市,區域股市,已開發及新興市場,股票
GLD,黃金,大宗商品,黃金現貨,實物
SLV,白銀,大宗商品,白銀現貨,實物
PPLT,白金,大宗商品,白金現貨,實物
PALL,鈀金,大宗商品,鈀金現貨,實物
USO,原油,大宗商品,WTI 原油期貨,期貨
UNG,天然氣,大宗商品,天然氣期貨,期貨
CPER,銅,大宗商品,銅期貨,期貨
DBC,綜合商品,大宗商品,能源金屬與農產品期貨,期貨
DBA,綜合農產品,農產品,多種農產品期貨,期貨
CORN,玉米,農產品,玉米期貨,期貨
WEAT,小麥,農產品,小麥期貨,期貨
SOYB,黃豆,農產品,黃豆期貨,期貨
CANE,糖,農產品,糖期貨,期貨
SGOV,超短期美債,債券,0至3個月美國國庫券,債券
SHY,短期美債,債券,1至3年美國公債,債券
IEF,中期美債,債券,7至10年美國公債,債券
TLT,長期美債,債券,20年以上美國公債,債券
TIP,抗通膨美債,債券,美國通膨連結公債,債券
AGG,美國綜合債券,債券,美國投資級綜合債券,債券
LQD,投資級公司債,債券,美元投資級公司債,債券
HYG,高收益公司債,債券,美元高收益公司債,債券
BNDX,國際債券（美元避險）,債券,美國以外投資級債券並美元避險,債券
EMB,新興市場美元債,債券,新興市場美元主權債,債券
MUB,美國市政債,債券,美國免稅市政債券,債券
MTUM,動能,投資風格,美國大型及中型股動能,股票
VTV,價值,投資風格,美國大型價值股,股票
VUG,成長,投資風格,美國大型成長股,股票
QUAL,品質,投資風格,美國品質因子,股票
USMV,低波動,投資風格,美國最小波動股票組合,股票
VLUE,價值因子,投資風格,美國大型及中型股價值因子,股票
DGRO,股息成長,投資風格,美國股息成長股票,股票
VYM,高股息,投資風格,美國高股息股票,股票
SIZE,規模因子,投資風格,美國大型及中型股中的較小規模股票,股票
VV,大型股,市值規模,美國大型股,股票
VO,中型股,市值規模,美國中型股,股票
VB,小型股,市值規模,美國小型股,股票
IWC,微型股,市值規模,美國微型股,股票
VOT,中型成長,市值與風格,美國中型成長股,股票
VOE,中型價值,市值與風格,美國中型價值股,股票
VBK,小型成長,市值與風格,美國小型成長股,股票
VBR,小型價值,市值與風格,美國小型價值股,股票
XLK,科技,美國產業板塊,S&P 500 資訊科技板塊,股票
XLF,金融,美國產業板塊,S&P 500 金融板塊,股票
XLE,能源,美國產業板塊,S&P 500 能源板塊企業股票,股票
XLV,醫療保健,美國產業板塊,S&P 500 醫療保健板塊,股票
XLI,工業,美國產業板塊,S&P 500 工業板塊,股票
XLP,必需消費,美國產業板塊,S&P 500 必需消費板塊,股票
XLY,非必需消費,美國產業板塊,S&P 500 非必需消費板塊,股票
XLU,公用事業,美國產業板塊,S&P 500 公用事業板塊,股票
XLB,原物料,美國產業板塊,S&P 500 原物料板塊企業股票,股票
XLRE,不動產板塊,美國產業板塊,S&P 500 不動產板塊,股票
XLC,通訊服務,美國產業板塊,S&P 500 通訊服務板塊,股票
VNQ,美國不動產與 REITs,不動產,美國不動產股票及 REITs,股票
VNQI,海外不動產與 REITs,不動產,美國以外不動產股票及 REITs,股票
UUP,美元指數多頭,外匯,美元相對歐元日圓英鎊加幣瑞典克朗瑞士法郎的指數期貨多頭,外匯期貨
FXE,歐元,外匯,歐元相對美元的外幣信託曝險,外幣信託
FXY,日圓,外匯,日圓相對美元的外幣信託曝險,外幣信託
FLOT,浮動利率投資級債,債券,美元投資級浮動利率債券,債券
BKLN,高順位銀行貸款,債券,美元高順位浮動利率槓桿貸款,貸款
MBB,房貸抵押證券,債券,美國機構房貸抵押證券,債券
CWB,可轉換證券,債券,美國可轉債與可轉換特別股,可轉換證券
EMLC,新興市場本幣債,債券,新興市場當地貨幣政府債券並承受本幣匯率影響,債券
IMTM,海外動能,海外投資風格,美國以外已開發市場動能股票,股票
IQLT,海外品質,海外投資風格,美國以外已開發市場品質股票,股票
EFAV,海外低波動,海外投資風格,歐洲澳洲遠東已開發市場最小波動股票組合,股票
